"","outofbed","min","q1","median","mean","q3","max"
"1","no",0.00067222995,0.04,0.08,0.122395993030716,0.1695390655,1
"2","yes",0.000833333333333333,0.02999140375,0.05,0.0704159204636005,0.09,0.375
