"","Group.1","c_rate"
"1",0,0.122395993030716
"2",1,0.0704159204636005
