"","Group.1","perday","frühmobi","tod","Behandlungsdauer","averagelengthofPT"
"1","0",0.510641991036802,0.481396680022896,0.237550085861477,12.1574127074986,34.3566899301292
"2","1",0.535135875217336,0.482703686845699,0.234865725989986,17.4569868001821,33.99011414182
