"","Group.1","perday","frühmobi","tod","Behandlungsdauer","averagelengthofPT"
"1",0,0.363684194753089,0.35457953936797,0.19103731476522,14.7104088555615,34.3265839764147
"2",1,0.426645204047919,0.446609993779805,0.233879328218951,17.6593406593407,34.02097162652
